provider,email,username,uid
github,beckyhirthe@mitchell.net,sunflower5,1234
github,shannon@hayesarmstrong.io,sandy12,1235
github,micaelamcdermott@schmitt.io,luckbuck3,1236
github,dorseyhettinger@pollich.io,terriblehuman3,1237
github,letitiadavis@turcottekohler.net,daisy5,1238
github,eldon@ryandach.com,alwayshungry9,1239
github,alfred@ortiztrantow.biz,dantheman3,1240
github,ralph@kreiger.co,papasmurf2,1241
github,emmettwatsica@bernhard.info,catepillar4,1242
github,ronniegibson@runolfsdottir.io,bettybooper,1243
github,enidadams@bergealtenwerth.co,liarpantsfire,1244
github,omarcorkery@pfeffer.info,paulinethequeen,1245
github,anhjacobson@wardullrich.info,aryastark,1246
github,nyla@weinat.name,kingslayer4,1247
github,mikel@haley.biz,lunalovegood,1248
github,ambrose@caspergorczany.info,carlpeter3,1249
github,aletha@miller.biz,poppy70,1250
github,sonnyupton@koepp.co,simba93,1251
github,cherlynrippin@nitzsche.net,oscar45,1252
github,cherlynrippin@nitzschetoo.net,harleydavid3,1253